Contract,Address,Link
ECU,0x08F39327B773eD60cD9a2A880F675B2f193439ed,https://sepolia.arbiscan.io/address/0x08F39327B773eD60cD9a2A880F675B2f193439ed#code
MGT,0xfbcFc0896481e99EA12BeE2cA9e40297ab413B33,https://sepolia.arbiscan.io/address/0xfbcFc0896481e99EA12BeE2cA9e40297ab413B33#code
NRGS,0xA1A14Bd2476441A19780AF1D84B77cB47cec0b7E,https://sepolia.arbiscan.io/address/0xA1A14Bd2476441A19780AF1D84B77cB47cec0b7E#code
NRGOP,0x44167b970AC093311Da62d7D2f42551a0611DdEe,https://sepolia.arbiscan.io/address/0x44167b970AC093311Da62d7D2f42551a0611DdEe#code
Manager,0xF8a66518A227d190c0518B960AB658c0902E726e,https://sepolia.arbiscan.io/address/0xF8a66518A227d190c0518B960AB658c0902E726e#code
Escrow,0x08Cb7f11123b8A9dD2e34D5814247324d633a44C,https://sepolia.arbiscan.io/address/0x08Cb7f11123b8A9dD2e34D5814247324d633a44C#code
EnergyOracle,0x5BE42a225cde40dc79Bf07DE6898877DCae670fd,https://sepolia.arbiscan.io/address/0x5BE42a225cde40dc79Bf07DE6898877DCae670fd#code
Register,0xf90f06AfD2AE7EDA5a7189aA5b40329b4EF50faf,https://sepolia.arbiscan.io/address/0xf90f06AfD2AE7EDA5a7189aA5b40329b4EF50faf#code
StakingReward,0xEC84eF5DfaeDb2ee1f3936E7Dd5c4C58671B797C,https://sepolia.arbiscan.io/address/0xEC84eF5DfaeDb2ee1f3936E7Dd5c4C58671B797C#code
Main,0x2a256cc5A4825eb251c68634f39b79C822955b3c,https://sepolia.arbiscan.io/address/0x2a256cc5A4825eb251c68634f39b79C822955b3c#code
